ID,Segmentation
1462224759,Bhavesh
1462220081,Akshat
1462226086,Darsh
1462224440,Darsh
1462222905,Darsh
1462222945,Darsh
1462225012,Darsh
1462223210,Bhavesh
1462220031,Darsh
1462220059,Chaitanya
1462221861,Darsh
1462224995,Bhavesh
1462224765,Darsh
1462221668,Chaitanya
1462218524,Akshat
1462222429,Chaitanya
1462220304,Akshat
1462225666,Darsh
1462218765,Darsh
1462225865,Bhavesh
1462222980,Darsh
1462225252,Darsh
1462226469,Chaitanya
1462219426,Bhavesh
1462222891,Chaitanya
1462225929,Bhavesh
1462218566,Darsh
1462221768,Akshat
1462219042,Bhavesh
1462221439,Darsh
1462219157,Chaitanya
1462218616,Bhavesh
1462224576,Bhavesh
1462222151,Bhavesh
1462221994,Akshat
1462222143,Darsh
1462224733,Darsh
1462219661,Akshat
1462219583,Akshat
1462223724,Chaitanya
1462222488,Chaitanya
1462218483,Chaitanya
1462225005,Chaitanya
1462222700,Bhavesh
1462218725,Chaitanya
1462221145,Akshat
1462225561,Chaitanya
1462219430,Chaitanya
1462226410,Chaitanya
1462220909,Darsh
1462222162,Darsh
1462219449,Darsh
1462226241,Chaitanya
1462222664,Akshat
1462219693,Bhavesh
1462223259,Akshat
1462219639,Darsh
1462220466,Akshat
1462219074,Darsh
1462219258,Chaitanya
1462223148,Bhavesh
1462226510,Darsh
1462219003,Chaitanya
1462223534,Bhavesh
1462222883,Darsh
1462221306,Darsh
1462222898,Darsh
1462226232,Darsh
1462220818,Darsh
1462225784,Akshat
1462219304,Chaitanya
1462224379,Bhavesh
1462222492,Bhavesh
1462223453,Chaitanya
1462225345,Darsh
1462225850,Chaitanya
1462223367,Darsh
1462220487,Darsh
1462224393,Bhavesh
1462222587,Darsh
1462223273,Bhavesh
1462223384,Akshat
1462218975,Bhavesh
1462219427,Chaitanya
1462221618,Chaitanya
1462219745,Darsh
1462219425,Bhavesh
1462221611,Darsh
1462218701,Bhavesh
1462221639,Akshat
1462224722,Bhavesh
1462223104,Bhavesh
1462221791,Chaitanya
1462220264,Akshat
1462219838,Bhavesh
1462225531,Bhavesh
1462220822,Bhavesh
1462225595,Bhavesh
1462226325,Chaitanya
1462226307,Akshat
1462224117,Darsh
1462222933,Bhavesh
1462223490,Akshat
1462226399,Bhavesh
1462219237,Akshat
1462223112,Darsh
1462221980,Bhavesh
1462221153,Akshat
1462222766,Akshat
1462225363,Chaitanya
1462225404,Bhavesh
1462225492,Bhavesh
1462224659,Bhavesh
1462221832,Chaitanya
1462223293,Chaitanya
1462222947,Chaitanya
1462222689,Darsh
1462222403,Bhavesh
1462220534,Chaitanya
1462218780,Bhavesh
1462220596,Bhavesh
1462224324,Akshat
1462226463,Akshat
1462222314,Akshat
1462219448,Bhavesh
1462220980,Chaitanya
1462220365,Darsh
1462224078,Chaitanya
1462218710,Akshat
1462224034,Akshat
1462224240,Chaitanya
1462225030,Chaitanya
1462224154,Bhavesh
1462220067,Bhavesh
1462222995,Bhavesh
1462225672,Darsh
1462218699,Akshat
1462221217,Chaitanya
1462220810,Chaitanya
1462221156,Chaitanya
1462219830,Darsh
1462225465,Bhavesh
1462222406,Darsh
1462218881,Chaitanya
1462225083,Darsh
1462221551,Akshat
1462226367,Akshat
1462223369,Akshat
1462224467,Darsh
1462221996,Bhavesh
1462220843,Bhavesh
1462221005,Chaitanya
1462218941,Darsh
1462220879,Chaitanya
1462220320,Darsh
1462225183,Akshat
1462221712,Chaitanya
1462224330,Akshat
1462221528,Chaitanya
1462223693,Chaitanya
1462223822,Chaitanya
1462220998,Darsh
1462219723,Akshat
1462225888,Chaitanya
1462220730,Akshat
1462220877,Chaitanya
1462225727,Darsh
1462225735,Chaitanya
1462225862,Chaitanya
1462218659,Darsh
1462224130,Darsh
1462224612,Bhavesh
1462226124,Darsh
1462221513,Chaitanya
1462224701,Darsh
1462220462,Bhavesh
1462222956,Darsh
1462226240,Akshat
1462225402,Bhavesh
1462221180,Chaitanya
1462224151,Akshat
1462222712,Darsh
1462220438,Bhavesh
1462220878,Chaitanya
1462220987,Akshat
1462224243,Chaitanya
1462219957,Chaitanya
1462225568,Akshat
1462222107,Bhavesh
1462222482,Akshat
1462219040,Darsh
1462221781,Chaitanya
1462226549,Bhavesh
1462219708,Darsh
1462220697,Akshat
1462225251,Darsh
1462221448,Bhavesh
1462220814,Akshat
1462225732,Chaitanya
1462221038,Darsh
1462224966,Chaitanya
1462221810,Darsh
1462221264,Bhavesh
1462218698,Chaitanya
1462225060,Bhavesh
1462220174,Chaitanya
1462225033,Chaitanya
1462223790,Darsh
1462224617,Akshat
1462219624,Bhavesh
1462222233,Chaitanya
1462223773,Chaitanya
1462218853,Akshat
1462224235,Bhavesh
1462218557,Akshat
1462221626,Akshat
1462221393,Chaitanya
1462221066,Bhavesh
1462219769,Darsh
1462224062,Akshat
1462223867,Akshat
1462218769,Darsh
1462219315,Bhavesh
1462221571,Bhavesh
1462224160,Darsh
1462219861,Chaitanya
1462222093,Akshat
1462220420,Bhavesh
1462221336,Akshat
1462220171,Bhavesh
1462225751,Chaitanya
1462223803,Bhavesh
1462223225,Bhavesh
1462219149,Chaitanya
1462221589,Chaitanya
1462225715,Chaitanya
1462225021,Darsh
1462225129,Darsh
1462222981,Darsh
1462224317,Akshat
1462225093,Akshat
1462218724,Darsh
1462225747,Darsh
1462224593,Bhavesh
1462221660,Darsh
1462224573,Bhavesh
1462218644,Chaitanya
1462225679,Chaitanya
1462221570,Akshat
1462226301,Darsh
1462222985,Bhavesh
1462221667,Darsh
1462219155,Darsh
1462219574,Darsh
1462221728,Darsh
1462219556,Akshat
1462223249,Darsh
1462222454,Darsh
1462221701,Akshat
1462223766,Darsh
1462222540,Bhavesh
1462223798,Akshat
1462219125,Darsh
1462221921,Chaitanya
1462223841,Darsh
1462220768,Darsh
1462226227,Chaitanya
1462221046,Chaitanya
1462224326,Bhavesh
1462223187,Chaitanya
1462221335,Chaitanya
1462219420,Akshat
1462222603,Darsh
1462224717,Bhavesh
1462218796,Darsh
1462222722,Bhavesh
1462219321,Darsh
1462226197,Bhavesh
1462223263,Darsh
1462219459,Akshat
1462224186,Darsh
1462223136,Chaitanya
1462222140,Bhavesh
1462221152,Chaitanya
1462225365,Chaitanya
1462220520,Chaitanya
1462222476,Chaitanya
1462225502,Chaitanya
1462226323,Akshat
1462220757,Darsh
1462223018,Akshat
1462218826,Darsh
1462221347,Bhavesh
1462220447,Bhavesh
1462219209,Darsh
1462223585,Bhavesh
1462225654,Bhavesh
1462222856,Akshat
1462225898,Darsh
1462225725,Akshat
1462222631,Darsh
1462220000,Bhavesh
1462219628,Darsh
1462222063,Chaitanya
1462218518,Darsh
1462220571,Darsh
1462220141,Chaitanya
1462221923,Bhavesh
1462219903,Bhavesh
1462221875,Akshat
1462222390,Akshat
1462221548,Akshat
1462223024,Chaitanya
1462220724,Darsh
1462220506,Darsh
1462222534,Darsh
1462222589,Akshat
1462221816,Chaitanya
1462222693,Darsh
1462223127,Bhavesh
1462222379,Darsh
1462220610,Darsh
1462225440,Chaitanya
1462225136,Bhavesh
1462223655,Darsh
1462225015,Chaitanya
1462219147,Bhavesh
1462220632,Akshat
1462223933,Akshat
1462223566,Akshat
1462218532,Bhavesh
1462220476,Darsh
1462224315,Bhavesh
1462219067,Chaitanya
1462225644,Chaitanya
1462220874,Chaitanya
1462221402,Bhavesh
1462226473,Bhavesh
1462223307,Bhavesh
1462218547,Darsh
1462223835,Darsh
1462226170,Bhavesh
1462221078,Akshat
1462225470,Bhavesh
1462224732,Darsh
1462218495,Akshat
1462221437,Akshat
1462225483,Bhavesh
1462219901,Chaitanya
1462224602,Bhavesh
1462224773,Bhavesh
1462218536,Darsh
1462219388,Darsh
1462220222,Bhavesh
1462223358,Darsh
1462220089,Akshat
1462223195,Chaitanya
1462226306,Akshat
1462225277,Darsh
1462221237,Akshat
1462220564,Chaitanya
1462224491,Chaitanya
1462220197,Bhavesh
1462223522,Darsh
1462225052,Bhavesh
1462223941,Akshat
1462219143,Akshat
1462225384,Akshat
1462224509,Darsh
1462223640,Chaitanya
1462221651,Chaitanya
1462220572,Akshat
1462223614,Akshat
1462225071,Akshat
1462225198,Darsh
1462221358,Darsh
1462222322,Bhavesh
1462226547,Akshat
1462225017,Bhavesh
1462225796,Bhavesh
1462219613,Darsh
1462225809,Chaitanya
1462221685,Akshat
1462223416,Akshat
1462221494,Chaitanya
1462219761,Darsh
1462220126,Akshat
1462223691,Bhavesh
1462226110,Darsh
1462219310,Chaitanya
1462224695,Darsh
1462224482,Darsh
1462221908,Bhavesh
1462226321,Akshat
1462223827,Akshat
1462219047,Bhavesh
1462220513,Akshat
1462223086,Darsh
1462219028,Akshat
1462220847,Chaitanya
1462218972,Bhavesh
1462221800,Akshat
1462226179,Darsh
1462224103,Bhavesh
1462226341,Chaitanya
1462222647,Bhavesh
1462225797,Darsh
1462220124,Akshat
1462219727,Darsh
1462219786,Bhavesh
1462221931,Akshat
1462224256,Bhavesh
1462225092,Bhavesh
1462222780,Bhavesh
1462225592,Chaitanya
1462222055,Bhavesh
1462220463,Bhavesh
1462223562,Darsh
1462220255,Akshat
1462223424,Akshat
1462218833,Bhavesh
1462224826,Akshat
1462225584,Chaitanya
1462224369,Chaitanya
1462224407,Darsh
1462225246,Akshat
1462221874,Akshat
1462225318,Darsh
1462219444,Akshat
1462218738,Bhavesh
1462220797,Bhavesh
1462220601,Darsh
1462221808,Darsh
1462221269,Darsh
1462221097,Darsh
1462218908,Akshat
1462218992,Darsh
1462224828,Darsh
1462226275,Akshat
1462224424,Bhavesh
1462219647,Chaitanya
1462223328,Akshat
1462225980,Darsh
1462223008,Bhavesh
1462223997,Bhavesh
1462218862,Akshat
1462219535,Akshat
1462220429,Chaitanya
1462224671,Darsh
1462218838,Darsh
1462219883,Darsh
1462223224,Chaitanya
1462223275,Chaitanya
1462225993,Bhavesh
1462221741,Akshat
1462221970,Darsh
1462221826,Akshat
1462220904,Darsh
1462220839,Chaitanya
1462218562,Akshat
1462225173,Chaitanya
1462218711,Darsh
1462218819,Chaitanya
1462222135,Akshat
1462222096,Akshat
1462222325,Akshat
1462226448,Darsh
1462223026,Akshat
1462221997,Bhavesh
1462219657,Chaitanya
1462222669,Darsh
1462222437,Akshat
1462221815,Darsh
1462218647,Bhavesh
1462220452,Akshat
1462224783,Bhavesh
1462224058,Akshat
1462221084,Darsh
1462219677,Akshat
1462220555,Bhavesh
1462221312,Darsh
1462222937,Chaitanya
1462224147,Bhavesh
1462221579,Bhavesh
1462221775,Darsh
1462219454,Akshat
1462223727,Akshat
1462222742,Chaitanya
1462221137,Darsh
1462223485,Chaitanya
1462222528,Chaitanya
1462220302,Akshat
1462220019,Bhavesh
1462226385,Chaitanya
1462218636,Darsh
1462218855,Darsh
1462225186,Bhavesh
1462223531,Bhavesh
1462226405,Chaitanya
1462220137,Darsh
1462219817,Akshat
1462219097,Darsh
1462225859,Chaitanya
1462224809,Darsh
1462220249,Akshat
1462221510,Akshat
1462222571,Akshat
1462222228,Bhavesh
1462224554,Akshat
1462221413,Chaitanya
1462221012,Darsh
1462220548,Bhavesh
1462220883,Darsh
1462221966,Bhavesh
1462221374,Darsh
1462220957,Darsh
1462220296,Bhavesh
1462219184,Darsh
1462226171,Akshat
1462225446,Darsh
1462220011,Chaitanya
1462226112,Bhavesh
1462224096,Bhavesh
1462225094,Akshat
1462225253,Akshat
1462222777,Akshat
1462224700,Akshat
1462219112,Bhavesh
1462218653,Bhavesh
1462224262,Bhavesh
1462224672,Darsh
1462222501,Darsh
1462223436,Akshat
1462222548,Bhavesh
1462222783,Akshat
1462224093,Akshat
1462225636,Chaitanya
1462218534,Akshat
1462221824,Akshat
1462224236,Darsh
1462225868,Bhavesh
1462221225,Darsh
1462224728,Akshat
1462223472,Bhavesh
1462223264,Chaitanya
1462222729,Darsh
1462220616,Akshat
1462225038,Darsh
1462218672,Chaitanya
1462220903,Darsh
1462224284,Akshat
1462220858,Darsh
1462224843,Darsh
1462223203,Bhavesh
1462222890,Bhavesh
1462222961,Bhavesh
1462220361,Akshat
1462225959,Akshat
1462221299,Darsh
1462226136,Darsh
1462225441,Darsh
1462223407,Akshat
1462218744,Bhavesh
1462219228,Bhavesh
1462220104,Darsh
1462222068,Darsh
1462225648,Bhavesh
1462226542,Chaitanya
1462222849,Chaitanya
1462224578,Darsh
1462223389,Bhavesh
1462223129,Bhavesh
1462220112,Bhavesh
1462223420,Darsh
1462223740,Akshat
1462222752,Darsh
1462225741,Akshat
1462221549,Chaitanya
1462223603,Chaitanya
1462222915,Darsh
1462222808,Akshat
1462223506,Darsh
1462220628,Chaitanya
1462224900,Akshat
1462224885,Akshat
1462225830,Akshat
1462224423,Bhavesh
1462224675,Akshat
1462224432,Chaitanya
1462222004,Chaitanya
1462223604,Chaitanya
1462222834,Akshat
1462220983,Chaitanya
1462224422,Bhavesh
1462220595,Darsh
1462224174,Darsh
1462224949,Darsh
1462220743,Chaitanya
1462220242,Darsh
1462220445,Chaitanya
1462220421,Chaitanya
1462221710,Darsh
1462226092,Darsh
1462221026,Akshat
1462219175,Bhavesh
1462223181,Akshat
1462219123,Chaitanya
1462221969,Akshat
1462226072,Darsh
1462225263,Darsh
1462225322,Chaitanya
1462223956,Darsh
1462219746,Darsh
1462221221,Chaitanya
1462218849,Akshat
1462223983,Darsh
1462220967,Chaitanya
1462224790,Chaitanya
1462223745,Chaitanya
1462218733,Akshat
1462224373,Bhavesh
1462224608,Chaitanya
1462222896,Akshat
1462218602,Darsh
1462225707,Darsh
1462225516,Darsh
1462219923,Darsh
1462220154,Bhavesh
1462223320,Akshat
1462223699,Bhavesh
1462222767,Bhavesh
1462220351,Darsh
1462219793,Akshat
1462224449,Darsh
1462224070,Darsh
1462225087,Akshat
1462222989,Bhavesh
1462224189,Darsh
1462223431,Chaitanya
1462219997,Chaitanya
1462223703,Bhavesh
1462219893,Chaitanya
1462221535,Akshat
1462221085,Akshat
1462224226,Bhavesh
1462220448,Darsh
1462223164,Darsh
1462224382,Darsh
1462220691,Bhavesh
1462224218,Darsh
1462219107,Darsh
1462220793,Chaitanya
1462223417,Darsh
1462221940,Darsh
1462220748,Darsh
1462219458,Darsh
1462220802,Akshat
1462224875,Bhavesh
1462223652,Bhavesh
1462221886,Darsh
1462221164,Chaitanya
1462220907,Darsh
1462219193,Bhavesh
1462219465,Akshat
1462220668,Darsh
1462226370,Darsh
1462223318,Bhavesh
1462218748,Darsh
1462223515,Bhavesh
1462222821,Chaitanya
1462220385,Darsh
1462219442,Chaitanya
1462220029,Bhavesh
1462223061,Akshat
1462220243,Darsh
1462225723,Akshat
1462220790,Darsh
1462226176,Bhavesh
1462224457,Darsh
1462225082,Darsh
1462220464,Bhavesh
1462223308,Akshat
1462224930,Darsh
1462225285,Chaitanya
1462222857,Akshat
1462222184,Chaitanya
1462225599,Akshat
1462226169,Chaitanya
1462220931,Akshat
1462226109,Darsh
1462222583,Akshat
1462222622,Chaitanya
1462224464,Chaitanya
1462223393,Bhavesh
1462224542,Bhavesh
1462225166,Akshat
1462221788,Bhavesh
1462223999,Bhavesh
1462219187,Bhavesh
1462219121,Chaitanya
1462225103,Bhavesh
1462221018,Bhavesh
1462218786,Chaitanya
1462218950,Chaitanya
1462219349,Akshat
1462223647,Bhavesh
1462220439,Akshat
1462223118,Chaitanya
1462220567,Bhavesh
1462221059,Darsh
1462222036,Bhavesh
1462223760,Bhavesh
1462220611,Chaitanya
1462225499,Darsh
1462226344,Bhavesh
1462223830,Darsh
1462220235,Chaitanya
1462224114,Bhavesh
1462222939,Bhavesh
1462224299,Darsh
1462219970,Akshat
1462224374,Darsh
1462225468,Chaitanya
1462225628,Akshat
1462219174,Bhavesh
1462224139,Akshat
1462224105,Bhavesh
1462226020,Darsh
1462225759,Akshat
1462218623,Chaitanya
1462219340,Darsh
1462221226,Bhavesh
1462223791,Bhavesh
1462226450,Akshat
1462219137,Darsh
1462225570,Chaitanya
1462223762,Darsh
1462226288,Bhavesh
1462220815,Akshat
1462225022,Chaitanya
1462222872,Bhavesh
1462225317,Darsh
1462221118,Chaitanya
1462223327,Bhavesh
1462223282,Bhavesh
1462220781,Akshat
1462226133,Bhavesh
1462224033,Darsh
1462220084,Akshat
1462221726,Bhavesh
1462220789,Akshat
1462222232,Darsh
1462219533,Bhavesh
1462219483,Chaitanya
1462221136,Chaitanya
1462223034,Akshat
1462218597,Bhavesh
1462222285,Chaitanya
1462226483,Darsh
1462224587,Darsh
1462221104,Akshat
1462223903,Chaitanya
1462219898,Chaitanya
1462222416,Darsh
1462219645,Darsh
1462221311,Darsh
1462221282,Bhavesh
1462224571,Akshat
1462225145,Darsh
1462221087,Darsh
1462221758,Akshat
1462226487,Bhavesh
1462219668,Chaitanya
1462223322,Chaitanya
1462223031,Darsh
1462221871,Akshat
1462219591,Darsh
1462218896,Chaitanya
1462225424,Akshat
1462218825,Akshat
1462218879,Bhavesh
1462220964,Darsh
1462222197,Darsh
1462219421,Akshat
1462220140,Chaitanya
1462220189,Darsh
1462220893,Darsh
1462225983,Chaitanya
1462223512,Chaitanya
1462219084,Chaitanya
1462222019,Chaitanya
1462225572,Akshat
1462223495,Darsh
1462226406,Akshat
1462225035,Akshat
1462219993,Akshat
1462224805,Darsh
1462218570,Akshat
1462218795,Bhavesh
1462221598,Bhavesh
1462225804,Chaitanya
1462221497,Darsh
1462222958,Darsh
1462225972,Chaitanya
1462223523,Darsh
1462225376,Darsh
1462225477,Akshat
1462222514,Akshat
1462222657,Bhavesh
1462220161,Akshat
1462224408,Bhavesh
1462218641,Chaitanya
1462222781,Darsh
1462223087,Bhavesh
1462220097,Darsh
1462219589,Akshat
1462225949,Akshat
1462224568,Bhavesh
1462221416,Akshat
1462219823,Bhavesh
1462219005,Chaitanya
1462223730,Akshat
1462219323,Darsh
1462226548,Darsh
1462224331,Bhavesh
1462224391,Akshat
1462218965,Darsh
1462219132,Bhavesh
1462224075,Chaitanya
1462223910,Akshat
1462221890,Darsh
1462222581,Chaitanya
1462223622,Chaitanya
1462224288,Chaitanya
1462224077,Bhavesh
1462221936,Darsh
1462219317,Darsh
1462224277,Akshat
1462223681,Darsh
1462224594,Bhavesh
1462224591,Akshat
1462226493,Bhavesh
1462225773,Akshat
1462220552,Darsh
1462223807,Chaitanya
1462223056,Akshat
1462219214,Akshat
1462221731,Bhavesh
1462223498,Bhavesh
1462224726,Darsh
1462220350,Darsh
1462221552,Bhavesh
1462221760,Chaitanya
1462220314,Darsh
1462223152,Akshat
1462224710,Darsh
1462221593,Chaitanya
1462224735,Akshat
1462225460,Bhavesh
1462221688,Akshat
1462220341,Darsh
1462222659,Bhavesh
1462222037,Akshat
1462223979,Akshat
1462224656,Darsh
1462225627,Darsh
1462226394,Bhavesh
1462224486,Chaitanya
1462219504,Darsh
1462219462,Darsh
1462226002,Chaitanya
1462225390,Chaitanya
1462219713,Chaitanya
1462225089,Chaitanya
1462219735,Chaitanya
1462226193,Darsh
1462220143,Akshat
1462225152,Akshat
1462225352,Chaitanya
1462222879,Bhavesh
1462225351,Akshat
1462222964,Bhavesh
1462224136,Akshat
1462226022,Bhavesh
1462225491,Darsh
1462223244,Darsh
1462224922,Chaitanya
1462221091,Darsh
1462220103,Darsh
1462224433,Chaitanya
1462221031,Chaitanya
1462222625,Akshat
1462220477,Bhavesh
1462224841,Chaitanya
1462220996,Darsh
1462226073,Bhavesh
1462224442,Bhavesh
1462224498,Chaitanya
1462223949,Akshat
1462222222,Bhavesh
1462219417,Darsh
1462220311,Chaitanya
1462221176,Darsh
1462224210,Akshat
1462224689,Chaitanya
1462220918,Chaitanya
1462219387,Darsh
1462221158,Chaitanya
1462221691,Chaitanya
1462226239,Darsh
1462226523,Darsh
1462218732,Darsh
1462219221,Bhavesh
1462219163,Akshat
1462225696,Bhavesh
1462219509,Bhavesh
1462221398,Bhavesh
1462224371,Chaitanya
1462226489,Darsh
1462224017,Darsh
1462225733,Akshat
1462226108,Akshat
1462220912,Bhavesh
1462225587,Chaitanya
1462219728,Darsh
1462223193,Akshat
1462224731,Bhavesh
1462225629,Darsh
1462225389,Chaitanya
1462223869,Chaitanya
1462220324,Darsh
1462219224,Chaitanya
1462223897,Bhavesh
1462221948,Akshat
1462223517,Akshat
1462224646,Akshat
1462219325,Akshat
1462223351,Bhavesh
1462219066,Darsh
1462220761,Akshat
1462225670,Chaitanya
1462223251,Bhavesh
1462223792,Darsh
1462226362,Chaitanya
1462220446,Darsh
1462218811,Chaitanya
1462225718,Bhavesh
1462224991,Bhavesh
1462220075,Bhavesh
1462220532,Chaitanya
1462222216,Chaitanya
1462226003,Chaitanya
1462225845,Akshat
1462221383,Bhavesh
1462225437,Akshat
1462219299,Bhavesh
1462223217,Bhavesh
1462221424,Akshat
1462225631,Bhavesh
1462225662,Chaitanya
1462226526,Bhavesh
1462225598,Darsh
1462224443,Bhavesh
1462226223,Akshat
1462221149,Darsh
1462224621,Chaitanya
1462220407,Chaitanya
1462221396,Akshat
1462226333,Darsh
1462222472,Darsh
1462224156,Bhavesh
1462219862,Chaitanya
1462219482,Bhavesh
1462219054,Bhavesh
1462219226,Bhavesh
1462225366,Darsh
1462223040,Darsh
1462225719,Akshat
1462223133,Bhavesh
1462221248,Darsh
1462222738,Akshat
1462226282,Bhavesh
1462223843,Akshat
1462222121,Bhavesh
1462221028,Akshat
1462220955,Bhavesh
1462220281,Akshat
1462223425,Darsh
1462219635,Chaitanya
1462222131,Bhavesh
1462219294,Darsh
1462219987,Bhavesh
1462224861,Darsh
1462222480,Chaitanya
1462220941,Akshat
1462222411,Akshat
1462223350,Akshat
1462219798,Darsh
1462221457,Akshat
1462222715,Chaitanya
1462222527,Chaitanya
1462224696,Bhavesh
1462220924,Bhavesh
1462225313,Bhavesh
1462225910,Chaitanya
1462223331,Chaitanya
1462225948,Akshat
1462225113,Darsh
1462220762,Chaitanya
1462219756,Darsh
1462225254,Chaitanya
1462222621,Bhavesh
1462219600,Darsh
1462220277,Bhavesh
1462222047,Bhavesh
1462224712,Chaitanya
1462222955,Chaitanya
1462226363,Bhavesh
1462222604,Chaitanya
1462219300,Darsh
1462221601,Bhavesh
1462223720,Bhavesh
1462220260,Chaitanya
1462218734,Chaitanya
1462220706,Akshat
1462222194,Darsh
1462225438,Akshat
1462226214,Darsh
1462219979,Darsh
1462220118,Darsh
1462223749,Akshat
1462219920,Bhavesh
1462223688,Chaitanya
1462219616,Chaitanya
1462225969,Akshat
1462224582,Bhavesh
1462221044,Darsh
1462224272,Darsh
1462219517,Chaitanya
1462218643,Chaitanya
1462224917,Akshat
1462222575,Darsh
1462223530,Bhavesh
1462225309,Akshat
1462225607,Darsh
1462222342,Akshat
1462226255,Chaitanya
1462219884,Bhavesh
1462220480,Akshat
1462224471,Chaitanya
1462224842,Darsh
1462226069,Chaitanya
1462224029,Bhavesh
1462218909,Darsh
1462222852,Bhavesh
1462225889,Darsh
1462225098,Akshat
1462223982,Chaitanya
1462223326,Darsh
1462219217,Bhavesh
1462219456,Bhavesh
1462221016,Bhavesh
1462222436,Darsh
1462222596,Darsh
1462224727,Bhavesh
1462226173,Darsh
1462222282,Bhavesh
1462218575,Darsh
1462220412,Akshat
1462222160,Darsh
1462222977,Bhavesh
1462220383,Darsh
1462221247,Chaitanya
1462226245,Akshat
1462225958,Akshat
1462220845,Bhavesh
1462219331,Darsh
1462224138,Bhavesh
1462223394,Bhavesh
1462225721,Akshat
1462223285,Chaitanya
1462222580,Akshat
1462219888,Darsh
1462223832,Darsh
1462224173,Akshat
1462221143,Darsh
1462220150,Akshat
1462221672,Chaitanya
1462220794,Chaitanya
1462219013,Darsh
1462221801,Bhavesh
1462224108,Bhavesh
1462219333,Darsh
1462225514,Darsh
1462222876,Darsh
1462221707,Akshat
1462221438,Bhavesh
1462221621,Chaitanya
1462221108,Chaitanya
1462220300,Akshat
1462219493,Chaitanya
1462218633,Akshat
1462223460,Akshat
1462224087,Akshat
1462223771,Chaitanya
1462221277,Bhavesh
1462220481,Chaitanya
1462225863,Bhavesh
1462221102,Akshat
1462222475,Akshat
1462219911,Darsh
1462223651,Chaitanya
1462219612,Darsh
1462225918,Darsh
1462221209,Chaitanya
1462225638,Chaitanya
1462220948,Chaitanya
1462221847,Darsh
1462224557,Darsh
1462223951,Bhavesh
1462224216,Darsh
1462223349,Chaitanya
1462221200,Darsh
1462221476,Bhavesh
1462221361,Darsh
1462219722,Darsh
1462222455,Darsh
1462225485,Bhavesh
1462222797,Akshat
1462219061,Bhavesh
1462219809,Akshat
1462218600,Darsh
1462219937,Akshat
1462219100,Darsh
1462219718,Akshat
1462223817,Darsh
1462219590,Akshat
1462223904,Chaitanya
1462221637,Akshat
1462224993,Bhavesh
1462219505,Darsh
1462222039,Akshat
1462218526,Akshat
1462219528,Akshat
1462218843,Akshat
1462225387,Darsh
1462219750,Bhavesh
1462219413,Chaitanya
1462225075,Bhavesh
1462218549,Darsh
1462223457,Darsh
1462218877,Akshat
1462223616,Darsh
1462222296,Darsh
1462218667,Chaitanya
1462218872,Akshat
1462223091,Darsh
1462218556,Chaitanya
1462226310,Bhavesh
1462220012,Chaitanya
1462219093,Bhavesh
1462225999,Akshat
1462225427,Darsh
1462226351,Darsh
1462220977,Darsh
1462224534,Akshat
1462225519,Chaitanya
1462225589,Chaitanya
1462222676,Darsh
1462225957,Chaitanya
1462218800,Darsh
1462218590,Darsh
1462222003,Darsh
1462222097,Akshat
1462219133,Chaitanya
1462220806,Bhavesh
1462226497,Akshat
1462219114,Akshat
1462220612,Akshat
1462221525,Chaitanya
1462225042,Bhavesh
1462219234,Chaitanya
1462222095,Darsh
1462224050,Akshat
1462225748,Darsh
1462220988,Darsh
1462220403,Darsh
1462222917,Darsh
1462222471,Bhavesh
1462222912,Chaitanya
1462224076,Akshat
1462219578,Darsh
1462220023,Chaitanya
1462221732,Darsh
1462220972,Bhavesh
1462220356,Chaitanya
1462225930,Bhavesh
1462226407,Darsh
1462219316,Bhavesh
1462225726,Darsh
1462223541,Akshat
1462223828,Darsh
1462222362,Akshat
1462223289,Akshat
1462226359,Chaitanya
1462219588,Bhavesh
1462223271,Bhavesh
1462225223,Akshat
1462221893,Bhavesh
1462225557,Darsh
1462225896,Bhavesh
1462226242,Akshat
1462219944,Chaitanya
1462225140,Darsh
1462223579,Bhavesh
1462218546,Chaitanya
1462223667,Bhavesh
1462219516,Darsh
1462219879,Darsh
1462224506,Darsh
1462218990,Bhavesh
1462222642,Chaitanya
1462218492,Darsh
1462224616,Darsh
1462219844,Darsh
1462222289,Bhavesh
1462223254,Chaitanya
1462224469,Darsh
1462225335,Chaitanya
1462225742,Bhavesh
1462221615,Akshat
1462225391,Chaitanya
1462224258,Akshat
1462220692,Akshat
1462226506,Bhavesh
1462220048,Darsh
1462225549,Akshat
1462223366,Darsh
1462225697,Bhavesh
1462224950,Darsh
1462219370,Bhavesh
1462223068,Akshat
1462219350,Bhavesh
1462224431,Chaitanya
1462223528,Chaitanya
1462221872,Darsh
1462223648,Darsh
1462222299,Akshat
1462219926,Akshat
1462219666,Chaitanya
1462224490,Chaitanya
1462218514,Bhavesh
1462221319,Chaitanya
1462221934,Bhavesh
1462223721,Darsh
1462220329,Chaitanya
1462221883,Akshat
1462220316,Chaitanya
1462219596,Akshat
1462222618,Chaitanya
1462220426,Darsh
1462222176,Akshat
1462219952,Akshat
1462222396,Bhavesh
1462220494,Akshat
1462222086,Chaitanya
1462219676,Chaitanya
1462221131,Darsh
1462225213,Akshat
1462223574,Akshat
1462222211,Akshat
1462225605,Chaitanya
1462224219,Akshat
1462225603,Akshat
1462220882,Darsh
1462224547,Darsh
1462224601,Darsh
1462224006,Chaitanya
1462226017,Chaitanya
1462224533,Akshat
1462221821,Akshat
1462224322,Bhavesh
1462223989,Bhavesh
1462223602,Darsh
1462221062,Bhavesh
1462224523,Chaitanya
1462220486,Darsh
1462220615,Bhavesh
1462221673,Bhavesh
1462219437,Bhavesh
1462219153,Akshat
1462220938,Akshat
1462222913,Chaitanya
1462222338,Akshat
1462220381,Darsh
1462221546,Darsh
1462222695,Chaitanya
1462224879,Bhavesh
1462224738,Bhavesh
1462226084,Chaitanya
1462222266,Chaitanya
1462219789,Bhavesh
1462225534,Akshat
1462223560,Chaitanya
1462223937,Akshat
1462224252,Chaitanya
1462221964,Darsh
1462221715,Bhavesh
1462223027,Darsh
1462222305,Darsh
1462222728,Darsh
1462222861,Akshat
1462224499,Bhavesh
1462221240,Bhavesh
1462222822,Darsh
1462224137,Akshat
1462225324,Bhavesh
1462222696,Darsh
1462223356,Akshat
1462226224,Akshat
1462218778,Akshat
1462219988,Darsh
1462224982,Akshat
1462222275,Chaitanya
1462223953,Bhavesh
1462222818,Darsh
1462223769,Darsh
1462225111,Chaitanya
1462224810,Darsh
1462226416,Bhavesh
1462224863,Darsh
1462221998,Akshat
1462222209,Darsh
1462224677,Chaitanya
1462220267,Bhavesh
1462224549,Akshat
1462220838,Darsh
1462225919,Chaitanya
1462218666,Darsh
1462223896,Darsh
1462225221,Darsh
1462225489,Darsh
1462223611,Chaitanya
1462221933,Darsh
1462226034,Darsh
1462221656,Darsh
1462220051,Bhavesh
1462221422,Darsh
1462221555,Bhavesh
1462224893,Bhavesh
1462221070,Darsh
1462219307,Akshat
1462219900,Darsh
1462223058,Chaitanya
1462225482,Chaitanya
1462225144,Darsh
1462226330,Chaitanya
1462225885,Akshat
1462220374,Darsh
1462220695,Chaitanya
1462224380,Bhavesh
1462219508,Akshat
1462221782,Chaitanya
1462220649,Darsh
1462221753,Akshat
1462219984,Akshat
1462226259,Darsh
1462223899,Chaitanya
1462218651,Bhavesh
1462221690,Darsh
1462225284,Akshat
1462222983,Chaitanya
1462220073,Akshat
1462225295,Bhavesh
1462220058,Akshat
1462219411,Darsh
1462222067,Darsh
1462219748,Akshat
1462226187,Chaitanya
1462218482,Akshat
1462222077,Darsh
1462226250,Bhavesh
1462222155,Chaitanya
1462226105,Darsh
1462224047,Chaitanya
1462224152,Darsh
1462224470,Akshat
1462221462,Akshat
1462224518,Akshat
1462219593,Darsh
1462225573,Chaitanya
1462221244,Chaitanya
1462219815,Akshat
1462218510,Bhavesh
1462221351,Akshat
1462223617,Bhavesh
1462225061,Akshat
1462223729,Akshat
1462218885,Chaitanya
1462220083,Chaitanya
1462223533,Darsh
1462224504,Akshat
1462225423,Darsh
1462218791,Chaitanya
1462219152,Darsh
1462221298,Bhavesh
1462219216,Chaitanya
1462221985,Bhavesh
1462222188,Akshat
1462218595,Akshat
1462220095,Bhavesh
1462224348,Darsh
1462222711,Darsh
1462224548,Darsh
1462226331,Darsh
1462222470,Akshat
1462221864,Darsh
1462219279,Chaitanya
1462218816,Chaitanya
1462219095,Darsh
1462225014,Darsh
1462225282,Bhavesh
1462221625,Chaitanya
1462221669,Bhavesh
1462218863,Bhavesh
1462219781,Akshat
1462223236,Akshat
1462219197,Akshat
1462221965,Akshat
1462223295,Darsh
1462225842,Darsh
1462222709,Chaitanya
1462224385,Chaitanya
1462224301,Bhavesh
1462223004,Chaitanya
1462221595,Bhavesh
1462222186,Chaitanya
1462222921,Darsh
1462223978,Chaitanya
1462222030,Chaitanya
1462219819,Bhavesh
1462225988,Chaitanya
1462223599,Bhavesh
1462219385,Akshat
1462219840,Akshat
1462223884,Akshat
1462219526,Chaitanya
1462226294,Akshat
1462224255,Darsh
1462222531,Bhavesh
1462221254,Akshat
1462221840,Bhavesh
1462221115,Darsh
1462222487,Chaitanya
1462222595,Akshat
1462221729,Akshat
1462226228,Bhavesh
1462223796,Bhavesh
1462222116,Bhavesh
1462224888,Chaitanya
1462225178,Bhavesh
1462224603,Darsh
1462220175,Darsh
1462221671,Akshat
1462221313,Bhavesh
1462224250,Akshat
1462220192,Darsh
1462221544,Darsh
1462220723,Darsh
1462224362,Akshat
1462218617,Darsh
1462221917,Akshat
1462222805,Chaitanya
1462219386,Darsh
1462219804,Darsh
1462225188,Chaitanya
1462218599,Akshat
1462225138,Bhavesh
1462218901,Chaitanya
1462224061,Akshat
1462221469,Akshat
1462223313,Darsh
1462218568,Chaitanya
1462224714,Chaitanya
1462220945,Bhavesh
1462225411,Bhavesh
1462225381,Darsh
1462219485,Akshat
1462222134,Bhavesh
1462223816,Chaitanya
1462225417,Bhavesh
1462221257,Bhavesh
1462223054,Akshat
1462225939,Bhavesh
1462218680,Darsh
1462223222,Akshat
1462221344,Chaitanya
1462218964,Akshat
1462222609,Bhavesh
1462222672,Chaitanya
1462225581,Chaitanya
1462221644,Akshat
1462223449,Darsh
1462221434,Chaitanya
1462226480,Akshat
1462223801,Bhavesh
1462224963,Akshat
1462219772,Darsh
1462220434,Akshat
1462222507,Bhavesh
1462222616,Chaitanya
1462223208,Darsh
1462219891,Bhavesh
1462219768,Bhavesh
1462219261,Chaitanya
1462224394,Akshat
1462219046,Chaitanya
1462218558,Bhavesh
1462220008,Darsh
1462220099,Akshat
1462224772,Chaitanya
1462225298,Darsh
1462222041,Akshat
1462225449,Bhavesh
1462223134,Chaitanya
1462223476,Akshat
1462219254,Chaitanya
1462225476,Chaitanya
1462225106,Darsh
1462225332,Bhavesh
1462218527,Akshat
1462221789,Bhavesh
1462221445,Bhavesh
1462219916,Bhavesh
1462225873,Darsh
1462223012,Chaitanya
1462225515,Chaitanya
1462224525,Chaitanya
1462222889,Chaitanya
1462221142,Chaitanya
1462219101,Bhavesh
1462219948,Bhavesh
1462222224,Akshat
1462218563,Darsh
1462221219,Chaitanya
1462221993,Chaitanya
1462219115,Darsh
1462223405,Akshat
1462225526,Chaitanya
1462221440,Chaitanya
1462220659,Darsh
1462224979,Darsh
1462222901,Darsh
1462220561,Darsh
1462221315,Bhavesh
1462221271,Bhavesh
1462226031,Darsh
1462220468,Bhavesh
1462225764,Chaitanya
1462223505,Akshat
1462226103,Darsh
1462223972,Bhavesh
1462225066,Chaitanya
1462223704,Darsh
1462221811,Darsh
1462219518,Darsh
1462224247,Darsh
1462220014,Bhavesh
1462224044,Darsh
1462221431,Akshat
1462226532,Bhavesh
1462225807,Chaitanya
1462220123,Chaitanya
1462225275,Akshat
1462222331,Akshat
1462220535,Bhavesh
1462221359,Akshat
1462220036,Bhavesh
1462223706,Akshat
1462219779,Darsh
1462223858,Chaitanya
1462225229,Darsh
1462219873,Chaitanya
1462226358,Akshat
1462226199,Darsh
1462222129,Akshat
1462222502,Darsh
1462224850,Darsh
1462219065,Darsh
1462220257,Darsh
1462220850,Darsh
1462223260,Chaitanya
1462224845,Chaitanya
1462220355,Akshat
1462224190,Chaitanya
1462222632,Darsh
1462223403,Bhavesh
1462218723,Chaitanya
1462226191,Chaitanya
1462221239,Darsh
1462221844,Darsh
1462225606,Bhavesh
1462223242,Akshat
1462224090,Akshat
1462221289,Bhavesh
1462221291,Chaitanya
1462225952,Akshat
1462224627,Chaitanya
1462219909,Darsh
1462226159,Darsh
1462218535,Bhavesh
1462226125,Bhavesh
1462220501,Akshat
1462223019,Darsh
1462222220,Darsh
1462219075,Chaitanya
1462225979,Akshat
1462219120,Chaitanya
1462223770,Chaitanya
1462220473,Darsh
1462225823,Chaitanya
1462221941,Akshat
1462222817,Chaitanya
1462219733,Akshat
1462223846,Darsh
1462219662,Darsh
1462223713,Darsh
1462223914,Chaitanya
1462225165,Akshat
1462221924,Akshat
1462221740,Darsh
1462222243,Darsh
1462226422,Darsh
1462224153,Darsh
1462226030,Chaitanya
1462220949,Chaitanya
1462224530,Darsh
1462222645,Akshat
1462223742,Akshat
1462218742,Chaitanya
1462222398,Chaitanya
1462224409,Akshat
1462222701,Akshat
1462219692,Chaitanya
1462224462,Akshat
1462220261,Akshat
1462220726,Darsh
1462224113,Chaitanya
1462225194,Bhavesh
1462225369,Chaitanya
1462218767,Akshat
1462224799,Darsh
1462219320,Chaitanya
1462222880,Bhavesh
1462226011,Chaitanya
1462219659,Darsh
1462220890,Akshat
1462222831,Darsh
1462221568,Chaitanya
1462222440,Darsh
1462221909,Chaitanya
1462221105,Akshat
1462223715,Chaitanya
1462222965,Darsh
1462222065,Chaitanya
1462221677,Akshat
1462221140,Akshat
1462225170,Bhavesh
1462218976,Darsh
1462222559,Chaitanya
1462222555,Bhavesh
1462222598,Chaitanya
1462219308,Bhavesh
1462222239,Darsh
1462224785,Darsh
1462226284,Darsh
1462225192,Darsh
1462222950,Akshat
1462220543,Darsh
1462221602,Chaitanya
1462224529,Akshat
1462222779,Chaitanya
1462218973,Akshat
1462225410,Akshat
1462223805,Akshat
1462226308,Chaitanya
1462221477,Bhavesh
1462226298,Chaitanya
1462222802,Darsh
1462221371,Chaitanya
1462220241,Chaitanya
1462224756,Akshat
1462225521,Bhavesh
1462223491,Chaitanya
1462224405,Chaitanya
1462219165,Darsh
1462223085,Darsh
1462223747,Chaitanya
1462226007,Chaitanya
1462219673,Akshat
1462225490,Bhavesh
1462225694,Chaitanya
1462223314,Darsh
1462224669,Darsh
1462221082,Akshat
1462219569,Chaitanya
1462220002,Bhavesh
1462224465,Akshat
1462222269,Bhavesh
1462225179,Darsh
1462223038,Darsh
1462225890,Akshat
1462219343,Chaitanya
1462221332,Chaitanya
1462220457,Darsh
1462226121,Akshat
1462219172,Darsh
1462220279,Darsh
1462223100,Bhavesh
1462220079,Chaitanya
1462225271,Akshat
1462221536,Bhavesh
1462220613,Chaitanya
1462222205,Darsh
1462219932,Bhavesh
1462226468,Akshat
1462219445,Darsh
1462219022,Bhavesh
1462221030,Akshat
1462221518,Akshat
1462218662,Chaitanya
1462225824,Chaitanya
1462224319,Chaitanya
1462225264,Chaitanya
1462220773,Akshat
1462223638,Bhavesh
1462221444,Darsh
1462220716,Akshat
1462224559,Darsh
1462224241,Chaitanya
1462219586,Darsh
1462219655,Darsh
1462225722,Bhavesh
1462222990,Bhavesh
1462220685,Chaitanya
1462221804,Bhavesh
1462220334,Darsh
1462223447,Akshat
1462226186,Bhavesh
1462218574,Chaitanya
1462220950,Akshat
1462221562,Bhavesh
1462219877,Bhavesh
1462226453,Chaitanya
1462226320,Darsh
1462224223,Darsh
1462225454,Darsh
1462226127,Darsh
1462224253,Bhavesh
1462219907,Bhavesh
1462222238,Chaitanya
1462220813,Bhavesh
1462219416,Darsh
1462221507,Chaitanya
1462223374,Akshat
1462222778,Akshat
1462219460,Darsh
1462226204,Chaitanya
1462224996,Akshat
1462221004,Bhavesh
1462224600,Akshat
1462226395,Bhavesh
1462222582,Darsh
1462223942,Bhavesh
1462218759,Darsh
1462222399,Chaitanya
1462221266,Chaitanya
1462222614,Bhavesh
1462218606,Bhavesh
1462223381,Chaitanya
1462221670,Chaitanya
1462223143,Darsh
1462222167,Bhavesh
1462224624,Chaitanya
1462223639,Akshat
1462222906,Darsh
1462220736,Chaitanya
1462223810,Bhavesh
1462219774,Chaitanya
1462221290,Akshat
1462226529,Chaitanya
1462225619,Akshat
1462220340,Darsh
1462219129,Akshat
1462224202,Akshat
1462218720,Bhavesh
1462224973,Darsh
1462222870,Akshat
1462223825,Bhavesh
1462220827,Chaitanya
1462220841,Akshat
1462224585,Akshat
1462223945,Bhavesh
1462220592,Bhavesh
1462219381,Akshat
1462223480,Darsh
1462221647,Chaitanya
1462223324,Chaitanya
1462220782,Darsh
1462225646,Bhavesh
1462221774,Chaitanya
1462225189,Darsh
1462225655,Bhavesh
1462221718,Chaitanya
1462220188,Bhavesh
1462220145,Akshat
1462219825,Akshat
1462221364,Akshat
1462226528,Bhavesh
1462225960,Darsh
1462220377,Darsh
1462222895,Bhavesh
1462221157,Akshat
1462225612,Bhavesh
1462219275,Darsh
1462224185,Akshat
1462225464,Akshat
1462219867,Akshat
1462220309,Darsh
1462226087,Chaitanya
1462225771,Akshat
1462223098,Chaitanya
1462224615,Akshat
1462220777,Bhavesh
1462219377,Bhavesh
1462226235,Chaitanya
1462226439,Chaitanya
1462221887,Bhavesh
1462222624,Darsh
1462224231,Darsh
1462222090,Darsh
1462218779,Darsh
1462220068,Darsh
1462219853,Bhavesh
1462220891,Darsh
1462223630,Chaitanya
1462223636,Bhavesh
1462225374,Darsh
1462226220,Akshat
1462224513,Bhavesh
1462225624,Chaitanya
1462219585,Darsh
1462223111,Bhavesh
1462223032,Akshat
1462225802,Darsh
1462221129,Darsh
1462222419,Darsh
1462223970,Chaitanya
1462220529,Bhavesh
1462219285,Akshat
1462223862,Darsh
1462221404,Darsh
1462226475,Akshat
1462224306,Chaitanya
1462221067,Bhavesh
1462220639,Akshat
1462218649,Darsh
1462224386,Chaitanya
1462225562,Darsh
1462225504,Chaitanya
1462221274,Darsh
1462226372,Darsh
1462220319,Akshat
1462223105,Bhavesh
1462226126,Bhavesh
1462224056,Chaitanya
1462222373,Akshat
1462223593,Darsh
1462225875,Chaitanya
1462224048,Darsh
1462223189,Darsh
1462219972,Darsh
1462224771,Bhavesh
1462225359,Chaitanya
1462224227,Chaitanya
1462222787,Darsh
1462224102,Darsh
1462226100,Bhavesh
1462224965,Chaitanya
1462223074,Bhavesh
1462225211,Bhavesh
1462220670,Akshat
1462221739,Darsh
1462219991,Darsh
1462224125,Chaitanya
1462219565,Chaitanya
1462225147,Chaitanya
1462225992,Chaitanya
1462223594,Chaitanya
1462224555,Bhavesh
1462224082,Bhavesh
1462221904,Bhavesh
1462223140,Akshat
1462223589,Chaitanya
1462224505,Chaitanya
1462219146,Bhavesh
1462226196,Bhavesh
1462221848,Chaitanya
1462224353,Chaitanya
1462221683,Darsh
1462222242,Darsh
1462220370,Bhavesh
1462225819,Bhavesh
1462219656,Bhavesh
1462219930,Chaitanya
1462220756,Akshat
1462223302,Akshat
1462225044,Darsh
1462223170,Darsh
1462218721,Akshat
1462222340,Chaitanya
1462219139,Bhavesh
1462218508,Darsh
1462223800,Akshat
1462219674,Chaitanya
1462222405,Bhavesh
1462220379,Chaitanya
1462222035,Bhavesh
1462220433,Bhavesh
1462223518,Akshat
1462220831,Bhavesh
1462221912,Bhavesh
1462219076,Chaitanya
1462218530,Darsh
1462224592,Bhavesh
1462220514,Darsh
1462225841,Bhavesh
1462226511,Darsh
1462224095,Bhavesh
1462225838,Bhavesh
1462226479,Darsh
1462221135,Chaitanya
1462224120,Bhavesh
1462224413,Akshat
1462218576,Akshat
1462226131,Akshat
1462223550,Darsh
1462219561,Akshat
1462221120,Chaitanya
1462225543,Darsh
1462224630,Darsh
1462219575,Bhavesh
1462221489,Chaitanya
1462221944,Chaitanya
1462222504,Bhavesh
1462220549,Bhavesh
1462225787,Chaitanya
1462225556,Akshat
1462225048,Chaitanya
1462221765,Akshat
1462226374,Chaitanya
1462218560,Chaitanya
1462224292,Bhavesh
1462221316,Bhavesh
1462224903,Chaitanya
1462224387,Akshat
1462226065,Akshat
1462221484,Akshat
1462223121,Darsh
1462222667,Darsh
1462224560,Darsh
1462224049,Chaitanya
1462219724,Darsh
1462223212,Darsh
1462221420,Darsh
1462221527,Akshat
1462219503,Chaitanya
1462223958,Chaitanya
1462224661,Darsh
1462219288,Bhavesh
1462225238,Bhavesh
1462225142,Darsh
1462225604,Darsh
1462222827,Chaitanya
1462226130,Akshat
1462224986,Akshat
1462224709,Darsh
1462220128,Darsh
1462225613,Chaitanya
1462222655,Bhavesh
1462219326,Chaitanya
1462223509,Darsh
1462221014,Akshat
1462220857,Darsh
1462226150,Chaitanya
1462218485,Bhavesh
1462221169,Darsh
1462225547,Chaitanya
1462224836,Bhavesh
1462224931,Bhavesh
1462221138,Chaitanya
1462223836,Akshat
1462218635,Chaitanya
1462223984,Darsh
1462226401,Chaitanya
1462224264,Bhavesh
1462224341,Chaitanya
1462221147,Darsh
1462226462,Darsh
1462218585,Bhavesh
1462222931,Bhavesh
1462220182,Chaitanya
1462225040,Akshat
1462219598,Chaitanya
1462225513,Bhavesh
1462225914,Darsh
1462220342,Akshat
1462222786,Chaitanya
1462222765,Akshat
1462223385,Akshat
1462222791,Chaitanya
1462222375,Darsh
1462225505,Bhavesh
1462222612,Chaitanya
1462221638,Darsh
1462225149,Bhavesh
1462223452,Darsh
1462219156,Akshat
1462226352,Akshat
1462220651,Akshat
1462220721,Darsh
1462219468,Darsh
1462221870,Chaitanya
1462218614,Darsh
1462222599,Chaitanya
1462225729,Chaitanya
1462222543,Bhavesh
1462225268,Darsh
1462221730,Chaitanya
1462224579,Akshat
1462223202,Darsh
1462221735,Chaitanya
1462224041,Akshat
1462225812,Darsh
1462223707,Darsh
1462218730,Bhavesh
1462221835,Akshat
1462220066,Bhavesh
1462219402,Bhavesh
1462225249,Darsh
1462225903,Darsh
1462218694,Darsh
1462224928,Darsh
1462219928,Chaitanya
1462225630,Akshat
1462221631,Bhavesh
1462225940,Akshat
1462222344,Chaitanya
1462225181,Akshat
1462223455,Chaitanya
1462220588,Darsh
1462223856,Akshat
1462225272,Akshat
1462225861,Bhavesh
1462222267,Chaitanya
1462219743,Chaitanya
1462219055,Chaitanya
1462225010,Darsh
1462221088,Bhavesh
1462219618,Chaitanya
1462221216,Chaitanya
1462224466,Bhavesh
1462225004,Darsh
1462220662,Bhavesh
1462224862,Bhavesh
1462220913,Akshat
1462224567,Bhavesh
1462226536,Chaitanya
1462221561,Darsh
1462220212,Bhavesh
1462221500,Darsh
1462224200,Darsh
1462224532,Chaitanya
1462218714,Bhavesh
1462221989,Chaitanya
1462223292,Chaitanya
1462224182,Darsh
1462221372,Akshat
1462222490,Darsh
1462219348,Darsh
1462223227,Darsh
1462226426,Chaitanya
1462225554,Chaitanya
1462225043,Darsh
1462226156,Bhavesh
1462223847,Chaitanya
1462220819,Chaitanya
1462226299,Chaitanya
1462224023,Darsh
1462225405,Chaitanya
1462221851,Chaitanya
1462226210,Darsh
1462223459,Akshat
1462224497,Chaitanya
1462224876,Chaitanya
1462219009,Chaitanya
1462223736,Bhavesh
1462224352,Darsh
1462224704,Bhavesh
1462226163,Chaitanya
1462224653,Chaitanya
1462222795,Akshat
1462221807,Bhavesh
1462224435,Bhavesh
1462222364,Chaitanya
1462222459,Darsh
1462220006,Bhavesh
1462221442,Darsh
1462225472,Chaitanya
1462222539,Akshat
1462218676,Akshat
1462223116,Darsh
1462225475,Bhavesh
1462222678,Darsh
1462226291,Akshat
1462221412,Darsh
1462224116,Bhavesh
1462218921,Akshat
1462219775,Darsh
1462219576,Darsh
1462221178,Akshat
1462225535,Akshat
1462224521,Darsh
1462219847,Darsh
1462219440,Akshat
1462221585,Akshat
1462220643,Darsh
1462220717,Bhavesh
1462222026,Bhavesh
1462218661,Darsh
1462219059,Chaitanya
1462219044,Bhavesh
1462221103,Bhavesh
1462218611,Darsh
1462224381,Bhavesh
1462219606,Akshat
1462223838,Darsh
1462220808,Bhavesh
1462223481,Akshat
1462220046,Darsh
1462221900,Bhavesh
1462220816,Chaitanya
1462219833,Darsh
1462224390,Akshat
1462222058,Bhavesh
1462221584,Chaitanya
1462224821,Darsh
1462220869,Darsh
1462222923,Bhavesh
1462224960,Bhavesh
1462225808,Chaitanya
1462219262,Akshat
1462226512,Bhavesh
1462222056,Darsh
1462221828,Darsh
1462219513,Chaitanya
1462219223,Darsh
1462219908,Bhavesh
1462221725,Akshat
1462220367,Darsh
1462218859,Chaitanya
1462225258,Akshat
1462219373,Darsh
1462218986,Akshat
1462223695,Chaitanya
1462224127,Akshat
1462222306,Chaitanya
1462225447,Akshat
1462219753,Darsh
1462219906,Darsh
1462224364,Darsh
1462218702,Bhavesh
1462225712,Bhavesh
1462224458,Darsh
1462224454,Akshat
1462225893,Akshat
1462222875,Bhavesh
1462223198,Darsh
1462223968,Darsh
1462219983,Chaitanya
1462226016,Bhavesh
1462226336,Chaitanya
1462221454,Chaitanya
1462226343,Chaitanya
1462219034,Darsh
1462222179,Bhavesh
1462222298,Akshat
1462220865,Chaitanya
1462224707,Darsh
1462222169,Darsh
1462222854,Darsh
1462218569,Bhavesh
1462222806,Bhavesh
1462221915,Chaitanya
1462221903,Chaitanya
1462218593,Akshat
1462226166,Chaitanya
1462220900,Bhavesh
1462225621,Darsh
1462222617,Akshat
1462224279,Bhavesh
1462222317,Darsh
1462225243,Darsh
1462222166,Darsh
1462221293,Akshat
1462219248,Bhavesh
1462225677,Bhavesh
1462224092,Chaitanya
1462218719,Darsh
1462223175,Akshat
1462224222,Bhavesh
1462225810,Bhavesh
1462219346,Darsh
1462219545,Bhavesh
1462223182,Akshat
1462222473,Chaitanya
1462225995,Bhavesh
1462218926,Bhavesh
1462222545,Bhavesh
1462220401,Akshat
1462221860,Darsh
1462220500,Chaitanya
1462223243,Bhavesh
1462219136,Bhavesh
1462220032,Darsh
1462224022,Chaitanya
1462220419,Bhavesh
1462225891,Chaitanya
1462218772,Akshat
1462224165,Darsh
1462218553,Bhavesh
1462222934,Bhavesh
1462222333,Darsh
1462222014,Chaitanya
1462224962,Chaitanya
1462224327,Darsh
1462220974,Darsh
1462225288,Darsh
1462226545,Darsh
1462224613,Akshat
1462219820,Darsh
1462223445,Darsh
1462221213,Darsh
1462223596,Akshat
1462221323,Chaitanya
1462221799,Akshat
1462221339,Darsh
1462220203,Akshat
1462221749,Akshat
1462219029,Akshat
1462226292,Bhavesh
1462218491,Chaitanya
1462220347,Akshat
1462219183,Chaitanya
1462225908,Akshat
1462224419,Akshat
1462218847,Akshat
1462225820,Chaitanya
1462222663,Darsh
1462225151,Akshat
1462220872,Akshat
1462220054,Chaitanya
1462223319,Bhavesh
1462224286,Akshat
1462221509,Bhavesh
1462224667,Bhavesh
1462220885,Darsh
1462219658,Chaitanya
1462220758,Akshat
1462220663,Bhavesh
1462222468,Chaitanya
1462221182,Chaitanya
1462223045,Bhavesh
1462223269,Bhavesh
1462221986,Bhavesh
1462218974,Bhavesh
1462225344,Akshat
1462225831,Bhavesh
1462224947,Chaitanya
1462220523,Akshat
1462223931,Bhavesh
1462218762,Chaitanya
1462223642,Darsh
1462218876,Darsh
1462222680,Akshat
1462220574,Chaitanya
1462224939,Akshat
1462222948,Darsh
1462221403,Darsh
1462226049,Chaitanya
1462226090,Darsh
1462225577,Darsh
1462220544,Bhavesh
1462224767,Darsh
1462220992,Bhavesh
1462222046,Darsh
1462225164,Chaitanya
1462218627,Darsh
1462224708,Darsh
1462222745,Darsh
1462224798,Akshat
1462220889,Bhavesh
1462222620,Darsh
1462221761,Chaitanya
1462223135,Darsh
1462224349,Akshat
1462225652,Akshat
1462225582,Darsh
1462223680,Akshat
1462223339,Akshat
1462223538,Chaitanya
1462218637,Chaitanya
1462220786,Bhavesh
1462222816,Akshat
1462225704,Akshat
1462220394,Bhavesh
1462220911,Chaitanya
1462225120,Akshat
1462219383,Akshat
1462226106,Darsh
1462224877,Bhavesh
1462220932,Darsh
1462219249,Darsh
1462219490,Bhavesh
1462223743,Darsh
1462222762,Akshat
1462225776,Chaitanya
1462226455,Darsh
1462219875,Akshat
1462224177,Akshat
1462220626,Akshat
1462222078,Akshat
1462220915,Darsh
1462218967,Bhavesh
1462219897,Akshat
1462221792,Akshat
1462226129,Bhavesh
1462225765,Akshat
1462222457,Bhavesh
1462220074,Bhavesh
1462225706,Darsh
1462219834,Chaitanya
1462219332,Bhavesh
1462221099,Darsh
1462226270,Akshat
1462223626,Bhavesh
1462219555,Darsh
1462222812,Akshat
1462222512,Akshat
1462223852,Bhavesh
1462218978,Chaitanya
1462221288,Chaitanya
1462219455,Bhavesh
1462221292,Darsh
1462225037,Akshat
1462224316,Bhavesh
1462224307,Darsh
1462222278,Akshat
1462220944,Darsh
1462220812,Darsh
1462218639,Bhavesh
1462221620,Akshat
1462222814,Darsh
1462220344,Akshat
1462220868,Akshat
1462223390,Chaitanya
1462220228,Darsh
1462223514,Darsh
1462221074,Chaitanya
1462226009,Akshat
1462218650,Akshat
1462225452,Akshat
1462225234,Darsh
1462223993,Chaitanya
1462220734,Akshat
1462225590,Chaitanya
1462222180,Bhavesh
1462226265,Darsh
1462222152,Chaitanya
1462224355,Darsh
1462220343,Akshat
1462224479,Chaitanya
1462220507,Darsh
1462223391,Darsh
1462221275,Darsh
1462219259,Darsh
1462224083,Bhavesh
1462220275,Darsh
1462223947,Chaitanya
1462220989,Akshat
1462225174,Bhavesh
1462225665,Akshat
1462220322,Akshat
1462224564,Chaitanya
1462222323,Chaitanya
1462221569,Darsh
1462219832,Bhavesh
1462225486,Akshat
1462221592,Bhavesh
1462219347,Akshat
1462223250,Darsh
1462220201,Akshat
1462218654,Chaitanya
1462224100,Bhavesh
1462219238,Bhavesh
1462226251,Chaitanya
1462226261,Darsh
1462222227,Akshat
1462225640,Chaitanya
1462221258,Akshat
1462220671,Akshat
